plasmid_id,file,seq_length,circular,longest_len,longest_count,longest_positions,longest_fraction,longest_seq
sequences,sequences.fasta,8051,True,21,2,7737;7149,0.002608,CAGATGCAGATGAAGGACAAG
sequences,sequences.fasta,7904,True,22,2,6931;6621,0.002783,AAGGTGCAGCCAAAGGTAAAAA
sequences,sequences.fasta,8060,True,14,2,7324;7767,0.001737,AGTGAAATGGTAGT
sequences,sequences.fasta,8055,True,19,2,6856;6850,0.002359,ATTAACATTAACATTAACA
sequences,sequences.fasta,7882,True,15,2,7864;7573,0.001903,ATTACCATAGAAGAT
sequences,sequences.fasta,8032,True,14,2,6748;6745,0.001743,CATCATCATCATCA
sequences,sequences.fasta,8046,True,18,2,7895;7696,0.002237,AGATCCAGGTAATGGACG
sequences,sequences.fasta,8060,True,15,2,6870;6847,0.001861,AGTCAAATGGTATTG
sequences,sequences.fasta,7880,True,18,2,7499;7616,0.002284,GATGCAGGTAAAGAGTGG
sequences,sequences.fasta,8046,True,14,2,6748;6745,0.001740,CATCATCATCATCA
sequences,sequences.fasta,8097,True,15,2,7910;8012,0.001853,AAGTCAAAGATGAAG
sequences,sequences.fasta,8056,True,14,2,6748;6745,0.001738,CATCATCATCATCA
sequences,sequences.fasta,8077,True,19,2,917;923,0.002352,TCCGGCTCCGGCTCCGGCT
sequences,sequences.fasta,8034,True,15,2,6745;6752,0.001867,ACCATGCACCATGCA
sequences,sequences.fasta,8050,True,15,2,7371;7581,0.001863,CAGGTGCATTACCAG
sequences,sequences.fasta,8038,True,14,2,7676;6932,0.001742,AGATCCAGATCCAG
sequences,sequences.fasta,8015,True,14,2,6748;6745,0.001747,CATCATCATCATCA
sequences,sequences.fasta,7613,True,15,2,6336;6902,0.001970,AAAGCCTAGTCATTG
sequences,sequences.fasta,7894,True,15,2,7222;6857,0.001900,GCAGAGTGGTTAACA
sequences,sequences.fasta,7744,True,17,2,6560;6756,0.002195,TTCTGGCGATCCAGTCA
sequences,sequences.fasta,8100,True,15,2,7347;7360,0.001852,AAGAGGAAGAGCAAA
sequences,sequences.fasta,7885,True,14,2,6557;6554,0.001776,CATCATCATCATCA
sequences,sequences.fasta,8052,True,15,2,7908;7205,0.001863,GATCCAGATCCAGAT
sequences,sequences.fasta,8064,True,21,2,7666;7734,0.002604,GCGAGTGGGATGCAGGTGCAG
sequences,sequences.fasta,8071,True,14,2,6748;6745,0.001735,CATCATCATCATCA
sequences,sequences.fasta,7772,True,16,2,7414;7119,0.002059,CAGATGCAGATCCAGA
sequences,sequences.fasta,8098,True,19,2,7457;6968,0.002346,AAGGTAAGTCAAATTACCA
sequences,sequences.fasta,8085,True,14,2,6748;6745,0.001732,CATCATCATCATCA
sequences,sequences.fasta,7874,True,15,2,7639;7132,0.001905,TCCAGTGTTGTGTTG
sequences,sequences.fasta,7781,True,14,2,7530;6867,0.001799,AATTACCGGTAACG
sequences,sequences.fasta,8067,True,14,2,7351;7357,0.001735,AGATCCAGATCCAG
sequences,sequences.fasta,7889,True,19,2,917;923,0.002408,TCCGGCTCCGGCTCCGGCT
sequences,sequences.fasta,8010,True,15,2,7570;6839,0.001873,AAGGTGCATTGTTGT
sequences,sequences.fasta,8045,True,13,2,3298;3287,0.001616,CTGGCCTTTTGCT
sequences,sequences.fasta,7907,True,16,2,6921;7448,0.002024,CAGATCCATGTGAAGT
sequences,sequences.fasta,8078,True,14,2,6748;6745,0.001733,CATCATCATCATCA
sequences,sequences.fasta,8060,True,15,2,7782;7975,0.001861,TAACAAGATCCAGAT
sequences,sequences.fasta,8053,True,15,2,6976;7504,0.001863,AGATGCAGAGTGGGA
sequences,sequences.fasta,8089,True,18,2,7668;7332,0.002225,ACCTTCTGGCGATCCATT
sequences,sequences.fasta,8055,True,13,2,3298;3287,0.001614,CTGGCCTTTTGCT
sequences,sequences.fasta,8064,True,15,2,7615;7801,0.001860,AAGGGAAGATCCAGA
sequences,sequences.fasta,8066,True,14,2,7575;6916,0.001736,AAAGATCCAGGGAA
sequences,sequences.fasta,8081,True,15,2,7425;7781,0.001856,AGAATCAGAGGAAGT
sequences,sequences.fasta,8064,True,14,2,7347;7658,0.001736,AAAGACAAATTACC
sequences,sequences.fasta,7903,True,14,2,6843;7156,0.001771,AGAGTGGGAATCAG
sequences,sequences.fasta,8110,True,16,2,7097;7270,0.001973,CATTACCAGTTACAGA
sequences,sequences.fasta,8043,True,14,2,7578;7793,0.001741,AACGTCAGAGTGGG
sequences,sequences.fasta,8054,True,14,2,7931;7221,0.001738,ATTACCAGGAACAG
sequences,sequences.fasta,8056,True,17,2,6937;6949,0.002110,CAGATCCAGATGCAGAT
sequences,sequences.fasta,8039,True,14,2,6748;6745,0.001742,CATCATCATCATCA
