model,prompt,sequence_id,sequence,length
UCL_CSSB_PlasmidGPT,ATG,UCL_CSSB_PlasmidGPT_ATG_0000,ATGGAGGC,8
UCL_CSSB_PlasmidGPT,ATG,UCL_CSSB_PlasmidGPT_ATG_0001,ATGGTCA,7
UCL_CSSB_PlasmidGPT,ATG,UCL_CSSB_PlasmidGPT_ATG_0002,ATGCCC,6
UCL_CSSB_PlasmidGPT,ATG,UCL_CSSB_PlasmidGPT_ATG_0003,ATGTGCC,7
UCL_CSSB_PlasmidGPT,ATG,UCL_CSSB_PlasmidGPT_ATG_0004,ATGTGGCA,8
UCL_CSSB_PlasmidGPT,ATG,UCL_CSSB_PlasmidGPT_ATG_0005,ATGGAGGC,8
UCL_CSSB_PlasmidGPT,ATG,UCL_CSSB_PlasmidGPT_ATG_0006,ATGGAGGC,8
UCL_CSSB_PlasmidGPT,ATG,UCL_CSSB_PlasmidGPT_ATG_0007,ATGGTGG,7
UCL_CSSB_PlasmidGPT,ATG,UCL_CSSB_PlasmidGPT_ATG_0008,ATGTGGCA,8
UCL_CSSB_PlasmidGPT,ATG,UCL_CSSB_PlasmidGPT_ATG_0009,ATGGCTGC,8
UCL_CSSB_PlasmidGPT,ATG,UCL_CSSB_PlasmidGPT_ATG_0010,ATGTCAC,7
UCL_CSSB_PlasmidGPT,ATG,UCL_CSSB_PlasmidGPT_ATG_0011,ATGTCAA,7
UCL_CSSB_PlasmidGPT,ATG,UCL_CSSB_PlasmidGPT_ATG_0012,ATGGCTGC,8
UCL_CSSB_PlasmidGPT,ATG,UCL_CSSB_PlasmidGPT_ATG_0013,ATGGTGC,7
UCL_CSSB_PlasmidGPT,ATG,UCL_CSSB_PlasmidGPT_ATG_0014,ATGTGTT,7
UCL_CSSB_PlasmidGPT,ATG,UCL_CSSB_PlasmidGPT_ATG_0015,ATGTTCA,7
UCL_CSSB_PlasmidGPT,ATG,UCL_CSSB_PlasmidGPT_ATG_0016,ATGGTCA,7
UCL_CSSB_PlasmidGPT,ATG,UCL_CSSB_PlasmidGPT_ATG_0017,ATGGACA,7
UCL_CSSB_PlasmidGPT,ATG,UCL_CSSB_PlasmidGPT_ATG_0018,ATGTCCAGTGGTAGGCAC,18
UCL_CSSB_PlasmidGPT,ATG,UCL_CSSB_PlasmidGPT_ATG_0019,ATGTGTT,7
UCL_CSSB_PlasmidGPT,ATG,UCL_CSSB_PlasmidGPT_ATG_0020,ATGGTCA,7
UCL_CSSB_PlasmidGPT,ATG,UCL_CSSB_PlasmidGPT_ATG_0021,ATGTGGCTTTGA,12
UCL_CSSB_PlasmidGPT,ATG,UCL_CSSB_PlasmidGPT_ATG_0022,ATGGGACC,8
UCL_CSSB_PlasmidGPT,ATG,UCL_CSSB_PlasmidGPT_ATG_0023,ATGTGAA,7
UCL_CSSB_PlasmidGPT,ATG,UCL_CSSB_PlasmidGPT_ATG_0024,ATGTCC,6
UCL_CSSB_PlasmidGPT,ATG,UCL_CSSB_PlasmidGPT_ATG_0025,ATGTGACA,8
UCL_CSSB_PlasmidGPT,ATG,UCL_CSSB_PlasmidGPT_ATG_0026,ATGTCC,6
UCL_CSSB_PlasmidGPT,ATG,UCL_CSSB_PlasmidGPT_ATG_0027,ATGGAGGC,8
UCL_CSSB_PlasmidGPT,ATG,UCL_CSSB_PlasmidGPT_ATG_0028,ATGTGACA,8
UCL_CSSB_PlasmidGPT,ATG,UCL_CSSB_PlasmidGPT_ATG_0029,ATGGCCC,7
UCL_CSSB_PlasmidGPT,ATG,UCL_CSSB_PlasmidGPT_ATG_0030,ATGGTGG,7
UCL_CSSB_PlasmidGPT,ATG,UCL_CSSB_PlasmidGPT_ATG_0031,ATGTTCC,7
UCL_CSSB_PlasmidGPT,ATG,UCL_CSSB_PlasmidGPT_ATG_0032,ATGGACATTCAAGATCCGCCACAACGTGGAGGACGGCAGCGTGCAGCTCGCCGACCACTACCAGCAGAACACCCCCATCGGCGACGGCCCCGTGCTGCTGCCCGACAGCCACTACCTGAGCACCCAGTCCGTGCTGAGCAAAGACCCCAACGAGAAGCGCGATCACATGGTCCTGCTGGAGTTCCGCACCGCC,193
UCL_CSSB_PlasmidGPT,ATG,UCL_CSSB_PlasmidGPT_ATG_0033,ATGTTCAGGGGGTAGTCTCAAGC,23
UCL_CSSB_PlasmidGPT,ATG,UCL_CSSB_PlasmidGPT_ATG_0034,ATGTGACA,8
UCL_CSSB_PlasmidGPT,ATG,UCL_CSSB_PlasmidGPT_ATG_0035,ATGGGACA,8
UCL_CSSB_PlasmidGPT,ATG,UCL_CSSB_PlasmidGPT_ATG_0036,ATGTCC,6
UCL_CSSB_PlasmidGPT,ATG,UCL_CSSB_PlasmidGPT_ATG_0037,ATGGTGG,7
UCL_CSSB_PlasmidGPT,ATG,UCL_CSSB_PlasmidGPT_ATG_0038,ATGTCAA,7
UCL_CSSB_PlasmidGPT,ATG,UCL_CSSB_PlasmidGPT_ATG_0039,ATGTTCC,7
UCL_CSSB_PlasmidGPT,ATG,UCL_CSSB_PlasmidGPT_ATG_0040,ATGGTCA,7
UCL_CSSB_PlasmidGPT,ATG,UCL_CSSB_PlasmidGPT_ATG_0041,ATGGGAA,7
UCL_CSSB_PlasmidGPT,ATG,UCL_CSSB_PlasmidGPT_ATG_0042,ATGGTGG,7
UCL_CSSB_PlasmidGPT,ATG,UCL_CSSB_PlasmidGPT_ATG_0043,ATGGTGG,7
UCL_CSSB_PlasmidGPT,ATG,UCL_CSSB_PlasmidGPT_ATG_0044,ATGTGGA,7
UCL_CSSB_PlasmidGPT,ATG,UCL_CSSB_PlasmidGPT_ATG_0045,ATGGGACC,8
UCL_CSSB_PlasmidGPT,ATG,UCL_CSSB_PlasmidGPT_ATG_0046,ATGTGGA,7
UCL_CSSB_PlasmidGPT,ATG,UCL_CSSB_PlasmidGPT_ATG_0047,ATGGACA,7
UCL_CSSB_PlasmidGPT,ATG,UCL_CSSB_PlasmidGPT_ATG_0048,ATGGCCAA,8
UCL_CSSB_PlasmidGPT,ATG,UCL_CSSB_PlasmidGPT_ATG_0049,ATGTTCC,7
