plasmid_id,seq_length,circular,longest_len,longest_count,longest_positions,longest_fraction,longest_seq
seq_0,6571,True,15,2,261;264,0.002283,CACCACCACCACCAC
seq_1,7459,True,20,2,6322;6330,0.002681,GCCAGTACGCCAGTACGCCA
seq_10,6529,True,15,2,185;188,0.002297,CACCACCACCACCAC
seq_11,10842,True,465,2,7156;7310,0.042889,ATGGCATCAACTCTGAATCAAATCTTTGCAGATGCACCTACTTCTCATTTCCACTGTCACATCATTTTTCCAGATCTCGCTGCCTGTTATGTGGCCCACAAACCAAGACACGTTTTATGGCCATTAAAGCTGGCTGATCGTCGCCAAACACCAAATGGCATCAACTCTGAATCAAATCTTTGCAGATGCACCTACTTCTCATTTCCACTGTCACATCATTTTTCCAGATCTCGCTGCCTGTTATGTGGCCCACAAACCAAGACACGTTTTATGGCCATTAAAGCTGGCTGATCGTCGCCAAACACCAAATGGCATCAACTCTGAATCAAATCTTTGCAGATGCACCTACTTCTCATTTCCACTGTCACATCATTTTTCCAGATCTCGCTGCCTGTTATGTGGCCCACAAACCAAGACACGTTTTATGGCCATTAAAGCTGGCTGATCGTCGCCAAACACCAAATG
seq_12,6542,True,15,2,105;108,0.002293,CACCACCACCACCAC
seq_13,7831,True,15,2,1362;1365,0.001915,CACCACCACCACCAC
seq_14,6713,True,15,2,466;469,0.002234,CACCACCACCACCAC
seq_15,7392,True,15,2,943;946,0.002029,CACCACCACCACCAC
seq_16,6574,True,15,2,367;370,0.002282,CACCACCACCACCAC
seq_17,7424,True,15,2,937;940,0.002020,CACCACCACCACCAC
seq_18,6550,True,18,2,5628;5778,0.002748,AGCCATGAAAAGGACCTG
seq_19,7761,True,14,2,6544;6541,0.001804,CATCATCATCATCA
seq_2,6624,True,15,2,720;723,0.002264,CACCACCACCACCAC
seq_20,6591,True,15,2,224;227,0.002276,CACCACCACCACCAC
seq_21,7879,True,24,2,6992;1312,0.003046,TCATCATCATCATCACAGCAGCGG
seq_22,6614,True,18,2,6387;6024,0.002721,CTGGCCTGGGCTGGCCTG
seq_23,7442,True,15,2,934;937,0.002016,CACCACCACCACCAC
seq_24,6601,True,17,2,6200;6394,0.002575,TGTCATGTCATGTCATG
seq_25,6147,True,163,2,4306;5290,0.026517,TTTACGATGGCATCAACTCTGAATCAAATCTTTGCAGATGCACCTACTTCTCATTTCCACTGTCACATCATTTTTCCAGATCTCGCTGCCTGTTATGTGGCCCACAAACCAAGACACGTTTTATGGCCATTAAAGCTGGCTGATCGTCGCCAAACACCAAAGC
seq_26,6548,True,17,2,5719;5621,0.002596,TGGCCTGGCCGACTGGT
seq_27,6658,True,310,2,5781;6338,0.046561,AATGGCATCAACTCTGAATCAAATCTTTGCAGATGCACCTACTTCTCATTTCCACTGTCACATCATTTTTCCAGATCTCGCTGCCTGTTATGTGGCCCACAAACCAAGACACGTTTTATGGCCATTAAAGCTGGCTGATCGTCGCCAAACACCAAATGGCATCAACTCTGAATCAAATCTTTGCAGATGCACCTACTTCTCATTTCCACTGTCACATCATTTTTCCAGATCTCGCTGCCTGTTATGTGGCCCACAAACCAAGACACGTTTTATGGCCATTAAAGCTGGCTGATCGTCGCCAAACACCAAA
seq_28,6600,True,15,2,355;358,0.002273,CACCACCACCACCAC
seq_29,7430,True,16,2,1038;1077,0.002153,CGCTGATCAGCCTCGA
seq_3,7241,True,18,2,6254;6220,0.002486,CGCCAGTACGCCAGTACG
seq_30,6552,True,16,2,5675;5680,0.002442,GAGGAGAGGAGAGGAG
seq_31,7486,True,15,2,950;953,0.002004,CACCACCACCACCAC
seq_32,6582,True,17,2,5847;6259,0.002583,CTGTGGGCTGTGGGCGC
seq_33,7410,True,16,2,6452;6413,0.002159,GTACGCCATCAACGAC
seq_34,6720,True,16,2,390;429,0.002381,CGCTGATCAGCCTCGA
seq_35,8402,True,21,2,1528;1335,0.002499,ACGGTAAATGGCCCGCCTGGC
seq_36,6642,True,16,2,450;489,0.002409,CGCTGATCAGCCTCGA
seq_37,7444,True,16,2,6418;6500,0.002149,CGCCATGAAAATCACC
seq_38,6558,True,15,2,143;146,0.002287,CACCACCACCACCAC
seq_39,7586,True,16,2,1118;1157,0.002109,CGCTGATCAGCCTCGA
seq_4,6637,True,15,2,750;753,0.002260,CACCACCACCACCAC
seq_40,6739,True,16,2,1010;1049,0.002374,CGCTGATCAGCCTCGA
seq_41,7426,True,15,2,7101;6665,0.002020,TGCTCGCTCGCTCTG
seq_42,6583,True,15,2,5768;6162,0.002279,AGCTCGCACTTGCTC
seq_43,7371,True,16,2,989;6096,0.002171,CCATCATCATCATCAT
seq_44,6554,True,16,2,5701;6183,0.002441,CACCTCACCTGGCCTG
seq_45,7503,True,15,2,949;952,0.001999,CACCACCACCACCAC
seq_46,6598,True,15,2,412;415,0.002273,CACCACCACCACCAC
seq_47,7419,True,15,2,945;948,0.002022,CACCACCACCACCAC
seq_48,6711,True,16,2,770;809,0.002384,CGCTGATCAGCCTCGA
seq_49,7494,True,16,2,7391;6737,0.002135,CTGCGGGTAGAGTGCG
seq_5,7854,True,14,2,6605;6602,0.001783,CATCATCATCATCA
seq_50,6625,True,17,2,6460;6492,0.002566,TGTGGCTGTGGCTGTGG
seq_51,7442,True,15,2,1040;1043,0.002016,CACCACCACCACCAC
seq_52,6510,True,19,2,4774;8,0.002919,GCCAGTTGTTGTGCCACGC
seq_53,7832,True,14,2,6509;6506,0.001788,CATCATCATCATCA
seq_54,6550,True,15,2,143;146,0.002290,CACCACCACCACCAC
seq_55,7451,True,15,2,935;938,0.002013,CACCACCACCACCAC
seq_56,6591,True,16,2,6286;6499,0.002428,CTGGCCTGGCCGCTCG
seq_57,7492,True,26,2,1032;1029,0.003470,CATCATCATCATCATCATCATCATCA
seq_58,6552,True,15,2,268;271,0.002289,CACCACCACCACCAC
seq_59,7845,True,15,2,1695;1698,0.001912,CACCACCACCACCAC
seq_6,6596,True,16,2,5954;5949,0.002426,TGTCATGTCATGTCAT
seq_60,6570,True,15,2,359;362,0.002283,CACCACCACCACCAC
seq_61,7435,True,14,2,6039;6036,0.001883,CATCATCATCATCA
seq_62,6635,True,16,2,547;586,0.002411,CGCTGATCAGCCTCGA
seq_63,7895,True,14,2,6594;6591,0.001773,CATCATCATCATCA
seq_64,6554,True,17,2,6312;6083,0.002594,AGGACGCACCTGTCAGC
seq_65,7708,True,628,2,4646;941,0.081474,CTGCAGGCTTCCTCGCTCACTGACTCGCTGCGCTCGGTCGTTCGGCTGCGGCGAGCGGTATCAGCTCACTCAAAGGCGGTAATACGGTTATCCACAGAATCAGGGGATAACGCAGGAAAGAACATGTGAGCAAAAGGCCAGCAAAAGGCCAGGAACCGTAAAAAGGCCGCGTTGCTGGCGTTTTTCCACAGGCTCCGCCCCCCTGACGAGCATCACAAAAATCGACGCTCAAGTCAGAGGTGGCGAAACCCGACAGGACTATAAAGATACCAGGCGTTTCCCCCTGGAAGCTCCCTCGTGCGCTCTCCTGTTCCGACCCTGCCGCTTACCGGATACCTGTCCGCCTTTCTCCCTTCGGGAAGCGTGGCGCTTTCTCATAGCTCACGCTGTAGGTATCTCAGTTCGGTGTAGGTCGTTCGCTCCAAGCTGGGCTGTGTGCACGAACCCCCCGTTCAGCCCGACCGCTGCGCCTTATCCGGTAACTATCGTCTTGAGTCCAACCCGGTAAGACACGACTTATCGCCACTGGCAGCAGCCACTGGTAACAGGATTAGCAGAGCGAGGTATGTAGGCGGTGCTACAGAGTTCTTGAAGTGGTGGCCTAACTACGGCTACACTAGAAGAACAG
seq_66,6534,True,15,2,113;116,0.002296,CACCACCACCACCAC
seq_67,7312,True,14,2,6004;6001,0.001915,CATCATCATCATCA
seq_68,6539,True,15,2,211;214,0.002294,CACCACCACCACCAC
seq_69,7661,True,215,2,5773;5986,0.028064,AGACCCACACCTTGCCGATGTCGAGCCCGACGCGCGTGAGGAAGAGTTCTTGATTTACGATGGCATCAACTCTGAATCAAATCTTTGCAGATGCACCTACTTCTCATTTCCACTGTCACATCATTTTTCCAGATCTCGCTGCCTGTTATGTGGCCCACAAACCAAGACACGTTTTATGGCCATTAAAGCTGGCTGATCGTCGCCAAACACCAAAG
seq_7,7406,True,15,2,935;938,0.002025,CACCACCACCACCAC
seq_70,6546,True,18,2,6054;5447,0.002750,TGGCCTGGCCTGGCCGAG
seq_71,7467,True,15,2,936;939,0.002009,CACCACCACCACCAC
seq_72,6525,True,26,2,4809;45,0.003985,AGAGACACCGGCATACTCTGCGACAT
seq_73,7458,True,15,2,925;928,0.002011,CACCACCACCACCAC
seq_74,6632,True,15,2,562;565,0.002262,CACCACCACCACCAC
seq_75,7994,True,78,2,7080;972,0.009757,TTTAAGAAGGAGATATACCATGGGCAGCAGCCATCATCATCATCATCACAGCAGCGGCCTGGTGCCGCGCGGCAGCCA
seq_76,6531,True,15,2,231;234,0.002297,CACCACCACCACCAC
seq_77,9219,True,113,2,2757;2766,0.012257,TACGAGATTTACGAGATTTACGAGATTTACGAGATTTACGAGATTTACGAGATTTACGAGATTTACGAGATTTACGAGATTTACGAGATTTACGAGATTTACGAGATTTACGA
seq_78,6635,True,16,2,508;547,0.002411,CGCTGATCAGCCTCGA
seq_79,10389,True,156,2,2759;3317,0.015016,TGGCATCAACTCTGAATCAAATCTTTGCAGATGCACCTACTTCTCATTTCCACTGTCACATCATTTTTCCAGATCTCGCTGCCTGTTATGTGGCCCACAAACCAAGACACGTTTTATGGCCATTAAAGCTGGCTGATCGTCGCCAAACACCAAATG
seq_8,6552,True,17,2,5480;5485,0.002595,GAGAGGAGAGGAGAGGA
seq_80,6728,True,16,2,1083;1122,0.002378,CGCTGATCAGCCTCGA
seq_81,7436,True,15,2,962;965,0.002017,CACCACCACCACCAC
seq_82,6543,True,15,2,75;78,0.002293,CACCACCACCACCAC
seq_83,7315,True,14,2,6006;6003,0.001914,CATCATCATCATCA
seq_84,6613,True,17,2,6377;6412,0.002571,ACCGCTCTGTCAGCTCG
seq_85,7643,True,15,2,1450;1453,0.001963,CACCACCACCACCAC
seq_86,6561,True,16,2,6279;6132,0.002439,GGGCACCGAGGACGCA
seq_87,8098,True,165,2,7520;4113,0.020375,GATTTACGATGGCATCAACTCTGAATCAAATCTTTGCAGATGCACCTACTTCTCATTTCCACTGTCACATCATTTTTCCAGATCTCGCTGCCTGTTATGTGGCCCACAAACCAAGACACGTTTTATGGCCATTAAAGCTGGCTGATCGTCGCCAAACACCAAAGA
seq_88,6618,True,17,2,6232;6076,0.002569,GGTGGCCTGGCCTGGCC
seq_89,8780,True,14,2,7494;7491,0.001595,CATCATCATCATCA
seq_9,7446,True,15,2,931;934,0.002015,CACCACCACCACCAC
seq_90,6602,True,18,2,5748;5963,0.002726,TGTGGCTGCGGTACACAT
seq_91,7424,True,14,2,6028;6025,0.001886,CATCATCATCATCA
seq_92,6665,True,19,2,5618;5573,0.002851,GCAGCCATCATCATCATCA
seq_93,7358,True,14,2,6045;6042,0.001903,CATCATCATCATCA
seq_94,6594,True,16,2,6469;6124,0.002426,TGTGGCTGTGGTGTGG
seq_95,7926,True,15,2,1604;1607,0.001893,CACCACCACCACCAC
seq_96,6556,True,17,2,6517;5578,0.002593,GAGGAGAGGAGCCATGT
seq_97,7553,True,15,2,953;956,0.001986,CACCACCACCACCAC
seq_98,6625,True,16,2,240;279,0.002415,CGCTGATCAGCCTCGA
seq_99,7514,True,16,2,1157;1196,0.002129,CGCTGATCAGCCTCGA
